local_file,source_url,found_on_pages,content_type,bytes,sha256
images\fontawesome-webfont-7414288c272f.svg,http://www.designcar.com.ar/font-awesome/fonts/fontawesome-webfont.svg?v=4.4.0,http://www.designcar.com.ar/accesorios-camionetas.html,image/svg+xml,355981,7414288c272f6cc10304aa18e89bf24fb30f40afd644623f425c2c3d71fbe06a
images\glyphicons-halflings-regular-42f60659d265.svg,http://www.designcar.com.ar/fonts/glyphicons-halflings-regular.svg,http://www.designcar.com.ar/accesorios-camionetas.html,image/svg+xml,108738,42f60659d265c1a3c30f9fa42abcbb56bd4a53af4d83d316d6dd7a36903c43e5
images\10grillete3-4-9f2644cd1ef1.jpg,http://www.designcar.com.ar/imag/10grillete3-4.jpg,http://www.designcar.com.ar/accesorios-camionetas.html,image/jpeg,23083,9f2644cd1ef1e831a8d6bd7fed379a75eeaf071b52f490b511e14a806af41c46
images\11cadenas-plasticas-2beb3d229525.jpg,http://www.designcar.com.ar/imag/11cadenas-plasticas.jpg,http://www.designcar.com.ar/accesorios-camionetas.html,image/jpeg,30129,2beb3d229525a922de88986473548399f9065d1d87dd5f951443415f14e87992
images\11grillete5-8-690093e2c47d.jpg,http://www.designcar.com.ar/imag/11grillete5-8.jpg,http://www.designcar.com.ar/accesorios-camionetas.html,image/jpeg,23557,690093e2c47d77084fbcf42e6a595157955d2964ed752d929c7e42c511e306a3
images\13palanieve-219925fb0234.jpg,http://www.designcar.com.ar/imag/13palanieve.jpg,http://www.designcar.com.ar/accesorios-camionetas.html,image/jpeg,18791,219925fb02346ab8d058a6ade8864f3006585f8ce4b7d72111048d4823e0e6c9
images\16slinga-a27bfcecfd7b.jpg,http://www.designcar.com.ar/imag/16slinga.jpg,http://www.designcar.com.ar/accesorios-camionetas.html,image/jpeg,20615,a27bfcecfd7bbadde2ec45da5106b6e4ea14dababb1e762c461e0f503924269c
images\17slinga2-bd10ad6fcf18.jpg,http://www.designcar.com.ar/imag/17slinga2.jpg,http://www.designcar.com.ar/accesorios-camionetas.html,image/jpeg,28178,bd10ad6fcf18f1a572ca7fbd765db57e0cedb11087f1fb1a78f1218c709e2438
images\18tuercas-b548b5fa9d3c.jpg,http://www.designcar.com.ar/imag/18tuercas.jpg,http://www.designcar.com.ar/accesorios-camionetas.html,image/jpeg,30166,b548b5fa9d3c0f36e2bb04227a19f31ed81175496bc644414c08d492e3acf4b5
images\1cadenas-37f96b1eea47.jpg,http://www.designcar.com.ar/imag/1cadenas.jpg,http://www.designcar.com.ar/accesorios-camionetas.html,image/jpeg,35380,37f96b1eea472729583e6557f90fbc099ab5e595120852a8faef1d231eb1a710
images\2cadenas-ebe52fe441d0.jpg,http://www.designcar.com.ar/imag/2cadenas.jpg,http://www.designcar.com.ar/accesorios-camionetas.html,image/jpeg,44902,ebe52fe441d0905a193b9017e2f2f04b7ef44f07bdf61691fad0622e63e19ced
images\5culipatin-45825388dd05.jpg,http://www.designcar.com.ar/imag/5culipatin.jpg,http://www.designcar.com.ar/accesorios-camionetas.html,image/jpeg,29805,45825388dd0592aa612d37a88cc6602753f47c39d542cf397cc0b3152a312773
images\6culipatin-plegable-e86750bfa699.jpg,http://www.designcar.com.ar/imag/6culipatin-plegable.jpg,http://www.designcar.com.ar/accesorios-camionetas.html,image/jpeg,25977,e86750bfa6998335431fc6867417f4ffa92be183494a80c8f4fc0f12cafe5657
images\7culipatines-e0a510687553.jpg,http://www.designcar.com.ar/imag/7culipatines.jpg,http://www.designcar.com.ar/accesorios-camionetas.html,image/jpeg,26713,e0a5106875538cacf467e77e61ec7583b1d91f3379c1ec14983785b22bad7efb
images\8deflector-49a87f522ea8.jpg,http://www.designcar.com.ar/imag/8deflector.jpg,http://www.designcar.com.ar/deflectores-ventanillas-capot.html,image/jpeg,29490,49a87f522ea84c7d7440b95c1531ba4bcaa32aed2bd60764eec6843057c0f2ba
images\9deflector-42df0df928fc.jpg,http://www.designcar.com.ar/imag/9deflector.jpg,http://www.designcar.com.ar/deflectores-ventanillas-capot.html,image/jpeg,18461,42df0df928fc4c3e863f1e85cc207beb1b71994ea8e7f383e587afeb06e59058
images\accesorios-talampaya-718c168a2438.jpg,http://www.designcar.com.ar/imag/accesorios-talampaya.jpg,http://www.designcar.com.ar/accesorios-camionetas.html,image/jpeg,34556,718c168a2438a730c6847655448562d8a3c8df844c5c34763fbd02e7933e5005
images\accesorios-traba-rueda-bracco-d3821d75e860.jpg,http://www.designcar.com.ar/imag/accesorios-traba-rueda-bracco.jpg,http://www.designcar.com.ar/accesorios-camionetas.html,image/jpeg,28972,d3821d75e86032efe26ea11862509161dbe3ec3c0a7673a3e0c501a2c11dd6eb
images\accesorios-tuercas-916c1c6594da.jpg,http://www.designcar.com.ar/imag/accesorios-tuercas.jpg,http://www.designcar.com.ar/accesorios-camionetas.html,image/jpeg,23834,916c1c6594da6c968382614aa2173ebba6188ad23cd1df4e8b535e85b8b333d7
images\accesorios-239ed76cf220.jpg,http://www.designcar.com.ar/imag/accesorios.jpg,http://www.designcar.com.ar/accesorios-camionetas.html,image/jpeg,39600,239ed76cf2206db81b92a3da3606ee05b120736534dfa7687ed76e21a1444011
images\amarok-cobertor-e6931d4a94bd.jpg,http://www.designcar.com.ar/imag/amarok-cobertor.jpg,http://www.designcar.com.ar/lonas-cobertores-para-camionetas-en-warnes.html,image/jpeg,23452,e6931d4a94bdc6b38320368d491fd8850cfca04fa77b045b4ef18dd566aa9d6d
images\amarok-cobertor2-7004b516202f.jpg,http://www.designcar.com.ar/imag/amarok-cobertor2.jpg,http://www.designcar.com.ar/lonas-cobertores-para-camionetas-en-warnes.html,image/jpeg,44569,7004b516202f4f24611e15f24c14db6c974975ac1b7bff88f2d53c8aa59c96fd
images\amarok-deflector-99a7c1e4edad.jpg,http://www.designcar.com.ar/imag/amarok-deflector.jpg,http://www.designcar.com.ar/deflectores-ventanillas-capot.html,image/jpeg,29228,99a7c1e4edadd017eb432b5bc92e31f9ea42fd52e39afffe7211618a57686408
images\amarok-deflector2-af4ef81a31be.jpg,http://www.designcar.com.ar/imag/amarok-deflector2.jpg,http://www.designcar.com.ar/deflectores-ventanillas-capot.html,image/jpeg,29103,af4ef81a31be7fcc2a75dc0053b12ddafe69b83f9e29d8a5090dc1981e5a590d
images\amarok-deflector3-f2228b70cc92.jpg,http://www.designcar.com.ar/imag/amarok-deflector3.jpg,http://www.designcar.com.ar/deflectores-ventanillas-capot.html,image/jpeg,23950,f2228b70cc921f8df4fcfca01020df1edd709d49641281ebeb97914835fec7b9
images\amarok-estribo2-5f9a4d502d7e.jpg,http://www.designcar.com.ar/imag/amarok-estribo2.jpg,http://www.designcar.com.ar/estribos-para-camionetas.html,image/jpeg,29917,5f9a4d502d7e717cd00cff545fbad093e7118643bf985d9c9727e7489f638955
images\banner-barras-153ff52d37ef.jpg,http://www.designcar.com.ar/imag/banner-barras.jpg,http://www.designcar.com.ar/index.html,image/jpeg,417559,153ff52d37ef9c346433ca29ad1f5cfc98e355e9cf915ddcd3fc70e34e32fd2c
images\banner-camping-0f1fee744ce5.jpg,http://www.designcar.com.ar/imag/banner-camping.jpg,http://www.designcar.com.ar/index.html,image/jpeg,228489,0f1fee744ce5a2ff14f341c7552c943adea24bed41d854099621eeadaaf35846
images\banner-lonas-c6d4852d9e4d.jpg,http://www.designcar.com.ar/imag/banner-lonas.jpg,http://www.designcar.com.ar/index.html,image/jpeg,264622,c6d4852d9e4d82a9e5882271d7912a0f72bf2ee8423807581b9d86a9f884ce22
images\banner-parrillas-d65e80dd9bbb.jpg,http://www.designcar.com.ar/imag/banner-parrillas.jpg,http://www.designcar.com.ar/index.html,image/jpeg,557410,d65e80dd9bbb1af8c03ebfa2b5781ad4a24c15fd2955348dc87d5f88538e7c0f
images\banner-tienda-a0c89f8be010.png,http://www.designcar.com.ar/imag/banner-tienda.png,http://www.designcar.com.ar/index.html,image/png,791476,a0c89f8be010855c7647ac74306fe91ecc522049b8d246482e066e89ce8234e0
images\banner-valija-ea4218bb9208.jpg,http://www.designcar.com.ar/imag/banner-valija.jpg,http://www.designcar.com.ar/index.html,image/jpeg,284140,ea4218bb920820e2ab25237bc802342ae38977cb19199d2aaf69d7834f9987e8
images\banner3c-e72e3a2f28d5.jpg,http://www.designcar.com.ar/imag/banner3c.jpg,http://www.designcar.com.ar/index.html,image/jpeg,304494,e72e3a2f28d54c5be4dce628d0c653983a18fe0490a741f416c232a3fcc0cecd
images\barra-amarok-79750335328b.jpg,http://www.designcar.com.ar/imag/barra-amarok.jpg,http://www.designcar.com.ar/barras-antivuelco-en-warnes.html,image/jpeg,41104,79750335328b82286b0f2ead45ab1b5bc02806281571e504c0b0a3104ef0c0f1
images\barra-amarok2-330ed1c74db2.jpg,http://www.designcar.com.ar/imag/barra-amarok2.jpg,http://www.designcar.com.ar/barras-antivuelco-en-warnes.html,image/jpeg,34618,330ed1c74db2a9dc46ec10f186b1e67fee7bd9c4ccdab41ea0598a921e81ab6a
images\barra-amarok3-436acc09d1de.jpg,http://www.designcar.com.ar/imag/barra-amarok3.jpg,http://www.designcar.com.ar/barras-antivuelco-en-warnes.html,image/jpeg,37007,436acc09d1de9922f66bf40395a19583735e29770fec3e0999b7a962cb8a7f1a
images\barra-bracco-ce607efc7015.jpg,http://www.designcar.com.ar/imag/barra-bracco.jpg,http://www.designcar.com.ar/porta-equipajes-parrillas-valijones.html,image/jpeg,32386,ce607efc701541256f85f2b48b42a671dbb1493c9eafcfc200ab82cfafd0d2f0
images\barra-bracco1-95586d3b3fa8.jpg,http://www.designcar.com.ar/imag/barra-bracco1.jpg,http://www.designcar.com.ar/porta-equipajes-parrillas-valijones.html,image/jpeg,44313,95586d3b3fa8ef442f73b668bc932e9ea5286147f6c7fb13c8096cff6f0cd4a8
images\barra-ranger-fbca02da41f0.jpg,http://www.designcar.com.ar/imag/barra-ranger.jpg,http://www.designcar.com.ar/barras-antivuelco-en-warnes.html,image/jpeg,36690,fbca02da41f085e545b4aae21a0554f2794a8e407bf55d3089b1fb5c0072fd83
images\barra-s10-a9ccc5e0cd8a.jpg,http://www.designcar.com.ar/imag/barra-s10.jpg,http://www.designcar.com.ar/barras-antivuelco-en-warnes.html,image/jpeg,37066,a9ccc5e0cd8a68995cbbd7453413784de97a63d740a7a516649ddd266e637b8c
images\barra-s102-98f21354583e.jpg,http://www.designcar.com.ar/imag/barra-s102.jpg,http://www.designcar.com.ar/barras-antivuelco-en-warnes.html,image/jpeg,40012,98f21354583e317b759ca229098443e39abd6df96a49dd734a3eb89f5f7c5645
images\barra-saveiro-9587fd264485.jpg,http://www.designcar.com.ar/imag/barra-saveiro.jpg,http://www.designcar.com.ar/barras-antivuelco-en-warnes.html,image/jpeg,37199,9587fd264485f7258ad19669d651585c439edc87a58f097611fa729e6462e31c
images\barra-toro-670b64622d42.jpg,http://www.designcar.com.ar/imag/barra-toro.jpg,http://www.designcar.com.ar/barras-antivuelco-en-warnes.html,image/jpeg,30945,670b64622d42a76db06aa027fe501a1edc58443545c0c2e0f712cbb40c75a4d0
images\barra-toro2-406e0c3add69.jpg,http://www.designcar.com.ar/imag/barra-toro2.jpg,http://www.designcar.com.ar/barras-antivuelco-en-warnes.html,image/jpeg,33520,406e0c3add696389b6a6927e2446064e9d1886e11211b9a74310fef4777d0f34
images\barra-toro3-2ee48176506a.jpg,http://www.designcar.com.ar/imag/barra-toro3.jpg,http://www.designcar.com.ar/barras-antivuelco-en-warnes.html,image/jpeg,28090,2ee48176506a8f0a9e3dae116eedf44bf7a4c0eb50a9af8e132f844767a3aaa9
images\barras-aluminio-a851bb6563ad.jpg,http://www.designcar.com.ar/imag/barras-aluminio.jpg,http://www.designcar.com.ar/porta-equipajes-parrillas-valijones.html,image/jpeg,32588,a851bb6563ad7e75afc23f72aa44d66b49e71e85f377edda45f1d23b1d2da7c7
images\barras-antivuelco-349decf6b7a5.jpg,http://www.designcar.com.ar/imag/barras-antivuelco.jpg,http://www.designcar.com.ar/barras-antivuelco-en-warnes.html,image/jpeg,42947,349decf6b7a50a62f9455e556128b4de08066f060862886d838f90fef356bd93
images\barras-d0306f6e66d9.jpg,http://www.designcar.com.ar/imag/barras.jpg,http://www.designcar.com.ar/porta-equipajes-parrillas-valijones.html,image/jpeg,22612,d0306f6e66d9467cc5ce819ad437abe5950cdbf342099f0f49b6f1ac77d4d84f
images\berlingo-deflector-dea278d71aa6.jpg,http://www.designcar.com.ar/imag/berlingo-deflector.jpg,http://www.designcar.com.ar/deflectores-ventanillas-capot.html,image/jpeg,44488,dea278d71aa6f44904f933ecdaadfd718e82c2e525d8c1a77381e316641951f5
images\bidon-9d46a4449149.jpg,http://www.designcar.com.ar/imag/bidon.jpg,http://www.designcar.com.ar/accesorios-camionetas.html,image/jpeg,32358,9d46a4449149adad235b9dd2afeeba9a50c8ef48231ee7d0918ab2de649b9fe8
images\bracco-complemento-negro-02989f835a67.jpg,http://www.designcar.com.ar/imag/bracco-complemento-negro.jpg,http://www.designcar.com.ar/accesorios-camionetas.html,image/jpeg,25226,02989f835a67f4cbeb849cffaf826a92ac4447e91be07ca663988608f57bd1aa
images\btnwhatsapp-4310fd81f893.png,http://www.designcar.com.ar/imag/btnwhatsapp.png,http://www.designcar.com.ar/accesorios-camionetas.html | http://www.designcar.com.ar/barras-antivuelco-en-warnes.html | http://www.designcar.com.ar/contacto.html | http://www.designcar.com.ar/deflectores-ventanillas-capot.html | http://www.designcar.com.ar/estribos-para-camionetas.html | http://www.designcar.com.ar/index.html | http://www.designcar.com.ar/lonas-cobertores-para-camionetas-en-warnes.html | http://www.designcar.com.ar/nosotros.html | http://www.designcar.com.ar/porta-equipajes-parrillas-valijones.html,image/png,6510,4310fd81f8938ae7300aa1ecc4d952d312eb342406650acbdc5504a68e86cc8f
images\cadenas-para-nieve-09a3f6db7ce3.jpg,http://www.designcar.com.ar/imag/cadenas-para-nieve.jpg,http://www.designcar.com.ar/accesorios-camionetas.html,image/jpeg,40472,09a3f6db7ce35d860207a7e390e088427328e888e7071aa32a5345fb972f21f8
images\cobertor-amarok-de4667f59314.jpg,http://www.designcar.com.ar/imag/cobertor-amarok.jpg,http://www.designcar.com.ar/lonas-cobertores-para-camionetas-en-warnes.html,image/jpeg,31858,de4667f593144b1099ffc5f854941302b05c4422af32ff6a2f1346981fb05c43
images\cobertor-s10-bcb58885850d.jpg,http://www.designcar.com.ar/imag/cobertor-s10.jpg,http://www.designcar.com.ar/lonas-cobertores-para-camionetas-en-warnes.html,image/jpeg,34988,bcb58885850d08f9f7f1f7da5e617ea7bbb292e7ea0c6ca80d253a4f1329ec18
images\cobertores-ranger-57336c2cc3c5.jpg,http://www.designcar.com.ar/imag/cobertores-ranger.jpg,http://www.designcar.com.ar/lonas-cobertores-para-camionetas-en-warnes.html,image/jpeg,37410,57336c2cc3c549da40dd6769e1b765713dae4e5f63c7efad35b7862938281767
images\complemento-rojo-0a890b40cf06.jpg,http://www.designcar.com.ar/imag/complemento-rojo.jpg,http://www.designcar.com.ar/accesorios-camionetas.html,image/jpeg,39200,0a890b40cf0607bf95ed4f9fdfb4371527c1790428b6731599329e0ca3a07e0a
images\deflector-amarok-5614f5c3d99e.jpg,http://www.designcar.com.ar/imag/deflector-amarok.jpg,http://www.designcar.com.ar/deflectores-ventanillas-capot.html,image/jpeg,37602,5614f5c3d99e109fe4958ba34d43d15eb8c5b9851d8d052a10545f7cf6bb013a
images\deflector-duster-05168f71755a.jpg,http://www.designcar.com.ar/imag/deflector-duster.jpg,http://www.designcar.com.ar/deflectores-ventanillas-capot.html,image/jpeg,17088,05168f71755a60e076c97440b8dfd8b265c0e5057aa3598558877f960afbf184
images\deflector-hilux-e88c05e55077.jpg,http://www.designcar.com.ar/imag/deflector-hilux.jpg,http://www.designcar.com.ar/deflectores-ventanillas-capot.html,image/jpeg,29894,e88c05e550775a4b3b3434b6e87d1dc65b8f4a4f42d8e7d956b6d90b5e1c841e
images\deflector-toro-b53ce0a9a4d5.jpg,http://www.designcar.com.ar/imag/deflector-toro.jpg,http://www.designcar.com.ar/deflectores-ventanillas-capot.html,image/jpeg,36601,b53ce0a9a4d54ac5fa8379a3c496b9e37387ec77b31d9f95ccb5f06f6480b9b5
images\deflector-a5a79887f101.jpg,http://www.designcar.com.ar/imag/deflector.jpg,http://www.designcar.com.ar/deflectores-ventanillas-capot.html,image/jpeg,36787,a5a79887f101ba0f49bb6b5591435dafa7198ce759ae8402a35758dd58f09888
images\empresa-8222cf16fff8.jpg,http://www.designcar.com.ar/imag/empresa.jpg,http://www.designcar.com.ar/nosotros.html,image/jpeg,205435,8222cf16fff8d1f4587b5f25e927c677238a7c039b3a1bfc405bbfb9d7b06d24
images\equipaje-sandero-7285b1f60550.jpg,http://www.designcar.com.ar/imag/equipaje-sandero.jpg,http://www.designcar.com.ar/porta-equipajes-parrillas-valijones.html,image/jpeg,33172,7285b1f605509c51c571092d8cab8c71e8096041241e9a210cd8cd299fe2fc2c
images\equipaje-vw-up-2007197fe7d4.jpg,http://www.designcar.com.ar/imag/equipaje-vw-up.jpg,http://www.designcar.com.ar/porta-equipajes-parrillas-valijones.html,image/jpeg,34941,2007197fe7d48e859e68886921da8d346e71bc52fea82bee89e3d1ff676fcd2f
images\estribo-amarok-d284343b47cb.jpg,http://www.designcar.com.ar/imag/estribo-amarok.jpg,http://www.designcar.com.ar/estribos-para-camionetas.html,image/jpeg,30845,d284343b47cb1dff75970a00e2edbcb9ca8e61478818105aec8f7b9a5eabacee
images\estribo-amarok2-f977dcf71715.jpg,http://www.designcar.com.ar/imag/estribo-amarok2.jpg,http://www.designcar.com.ar/estribos-para-camionetas.html,image/jpeg,34571,f977dcf71715c0a2c2dcbbf9e8be14ef421ffa4961ace9731e405010e70a587b
images\estribo-duster-761ee9d9b879.jpg,http://www.designcar.com.ar/imag/estribo-duster.jpg,http://www.designcar.com.ar/estribos-para-camionetas.html,image/jpeg,33486,761ee9d9b87924e0fc2f0a33453e381775d731a3dc2ec4aed4bceeaa84a38d31
images\estribo-hilux-negro-066186f86e3b.jpg,http://www.designcar.com.ar/imag/estribo-hilux-negro.jpg,http://www.designcar.com.ar/estribos-para-camionetas.html,image/jpeg,36220,066186f86e3b47e2034a98e161769bfb7d33e18edd9a558d851550a656e79fa9
images\estribo-hilux-negro2-47860fbe9116.jpg,http://www.designcar.com.ar/imag/estribo-hilux-negro2.jpg,http://www.designcar.com.ar/estribos-para-camionetas.html,image/jpeg,29110,47860fbe91169694b5156899f36a02d91cf6602d0cf59ae87f95273b79d29349
images\estribos-camioneta-fba4ad7647d3.jpg,http://www.designcar.com.ar/imag/estribos-camioneta.jpg,http://www.designcar.com.ar/estribos-para-camionetas.html,image/jpeg,41224,fba4ad7647d37276180b54d22b0cd78fcb409c2c9a1e32b776a44a62151c0583
images\hilux-barra-antivuelco2-7b305b18b1bc.jpg,http://www.designcar.com.ar/imag/hilux-barra-antivuelco2.jpg,http://www.designcar.com.ar/barras-antivuelco-en-warnes.html,image/jpeg,37200,7b305b18b1bc958c84b8fdd24e7e9a961e523599a1b730a6683993b7fc178799
images\hilux-barra-antivuelco4-8fc27b85c5f4.jpg,http://www.designcar.com.ar/imag/hilux-barra-antivuelco4.jpg,http://www.designcar.com.ar/barras-antivuelco-en-warnes.html,image/jpeg,28166,8fc27b85c5f4bec60c3a6121d044f806fbc91d71c0633e2f7d7dec4fb45bb4e9
images\hilux-cobertor-f1df65ca13c4.jpg,http://www.designcar.com.ar/imag/hilux-cobertor.jpg,http://www.designcar.com.ar/lonas-cobertores-para-camionetas-en-warnes.html,image/jpeg,36851,f1df65ca13c47b52e31103c7483893d38bff3f1a25d1e81cc8c2422355da590f
images\hilux-estribo-aca2fa587c0f.jpg,http://www.designcar.com.ar/imag/hilux-estribo.jpg,http://www.designcar.com.ar/estribos-para-camionetas.html,image/jpeg,21975,aca2fa587c0f3cb153c877f9b0d08473123f26aa84bedeebe6a43774b16422d5
images\jaula-hilux-negra-af172dedf8a0.jpg,http://www.designcar.com.ar/imag/jaula-hilux-negra.jpg,http://www.designcar.com.ar/barras-antivuelco-en-warnes.html,image/jpeg,39893,af172dedf8a027038103c887ffc57bf3ca02784a8cf75697a80e09ddce5b0dd7
images\jaula-hilux-negra2-925fc98f8056.jpg,http://www.designcar.com.ar/imag/jaula-hilux-negra2.jpg,http://www.designcar.com.ar/barras-antivuelco-en-warnes.html,image/jpeg,39751,925fc98f8056a3edba78a636b604a8719dc17ed2c43ebf60ef9056ab9bc24386
images\jaula-ranger-ac05fc2f7b10.jpg,http://www.designcar.com.ar/imag/jaula-ranger.jpg,http://www.designcar.com.ar/barras-antivuelco-en-warnes.html,image/jpeg,28807,ac05fc2f7b10fd4ab3fa661b84e4c7d241723ffb220d8705868243813adfe50f
images\logo-facebook-60bf1faef253.png,http://www.designcar.com.ar/imag/logo-facebook.png,http://www.designcar.com.ar/index.html,image/png,64688,60bf1faef25332532a69fb827a99401d204d5d83a1182e06410be7c6542ed92b
images\logo-instagram-633ed07ee6c4.png,http://www.designcar.com.ar/imag/logo-instagram.png,http://www.designcar.com.ar/index.html,image/png,57665,633ed07ee6c42a38db9614c09527182dde4e64da186f07e96a36d736b7607261
images\logo-whatsapp-ff0cb53f493a.png,http://www.designcar.com.ar/imag/logo-whatsapp.png,http://www.designcar.com.ar/index.html,image/png,45126,ff0cb53f493a3a3466d87eb6838fc0be40b047af3c68ddf0f179bb0d1d5bdff3
images\logo2-9ae272df46cc.png,http://www.designcar.com.ar/imag/logo2.png,http://www.designcar.com.ar/accesorios-camionetas.html | http://www.designcar.com.ar/barras-antivuelco-en-warnes.html | http://www.designcar.com.ar/contacto.html | http://www.designcar.com.ar/deflectores-ventanillas-capot.html | http://www.designcar.com.ar/estribos-para-camionetas.html | http://www.designcar.com.ar/index.html | http://www.designcar.com.ar/lonas-cobertores-para-camionetas-en-warnes.html | http://www.designcar.com.ar/nosotros.html | http://www.designcar.com.ar/porta-equipajes-parrillas-valijones.html,image/png,17860,9ae272df46cc3b9dd11e83fe81ed6751f3e50a7646cc1946d76234b8f2bcad04
images\lona-amarok-6aa1859732dd.jpg,http://www.designcar.com.ar/imag/lona-amarok.jpg,http://www.designcar.com.ar/lonas-cobertores-para-camionetas-en-warnes.html,image/jpeg,38555,6aa1859732dd299b157e4177273025cc8768d80732793b63ab5c13650421c1de
images\lona-amarok2-bf50cb07efaa.jpg,http://www.designcar.com.ar/imag/lona-amarok2.jpg,http://www.designcar.com.ar/lonas-cobertores-para-camionetas-en-warnes.html,image/jpeg,30426,bf50cb07efaa4e14ee29e871343941d7787fd9075d74186f3430f73486f2964d
images\lona-hilux-8e37d5034c0a.jpg,http://www.designcar.com.ar/imag/lona-hilux.jpg,http://www.designcar.com.ar/lonas-cobertores-para-camionetas-en-warnes.html,image/jpeg,32959,8e37d5034c0a72c37ad2c6cae33b3542f60bfaa38e04789ff0cad1521276766d
images\lona-ranger-5b6f706d619d.jpg,http://www.designcar.com.ar/imag/lona-ranger.jpg,http://www.designcar.com.ar/lonas-cobertores-para-camionetas-en-warnes.html,image/jpeg,33843,5b6f706d619d82e08065f6976e4cab2c030769e87ea8a9857dbc609a4e5c0bc4
images\lona-ranger2-7e464aa6f0dc.jpg,http://www.designcar.com.ar/imag/lona-ranger2.jpg,http://www.designcar.com.ar/lonas-cobertores-para-camionetas-en-warnes.html,image/jpeg,26508,7e464aa6f0dcb7bc273e81648ef6d90715bac4d32d8b436acb8625f9791868af
images\lona-s10-2c794917afd4.jpg,http://www.designcar.com.ar/imag/lona-s10.jpg,http://www.designcar.com.ar/lonas-cobertores-para-camionetas-en-warnes.html,image/jpeg,30155,2c794917afd412d8c102c3a9024020c2f4ead5052c75eb8f0a97372358203579
images\lona-triton-5bf32369f93f.jpg,http://www.designcar.com.ar/imag/lona-triton.jpg,http://www.designcar.com.ar/lonas-cobertores-para-camionetas-en-warnes.html,image/jpeg,37724,5bf32369f93f76ddca82fa415c749a3e8ff4b880760171b54f501a989df0a253
images\lonas-cobertores-d33652453e46.jpg,http://www.designcar.com.ar/imag/lonas-cobertores.jpg,http://www.designcar.com.ar/lonas-cobertores-para-camionetas-en-warnes.html,image/jpeg,50236,d33652453e46fb1e04d8789ca2b48690d0a48b7ce219579f308f3836b44190cb
images\mercado-bdcaf76ee152.jpg,http://www.designcar.com.ar/imag/mercado.jpg,http://www.designcar.com.ar/index.html,image/jpeg,295865,bdcaf76ee15215d8cb52c9000231fd7e6db1891958cf99a21224b2b6f0aaec29
images\newduster-portaequipaje-b841da2ed2ce.jpg,http://www.designcar.com.ar/imag/newduster-portaequipaje.jpg,http://www.designcar.com.ar/porta-equipajes-parrillas-valijones.html,image/jpeg,38931,b841da2ed2cef4fab5c1f57452210a00eca1952a8036f36832675cb0e54b37ee
images\nosotros1-c77e8c6be06f.jpg,http://www.designcar.com.ar/imag/nosotros1.jpg,http://www.designcar.com.ar/nosotros.html,image/jpeg,37055,c77e8c6be06fdcbde534c8d68f5fd308a367a3ae8dcd261fef12331590d8e7b3
images\nosotros2-8818180a7d2c.jpg,http://www.designcar.com.ar/imag/nosotros2.jpg,http://www.designcar.com.ar/nosotros.html,image/jpeg,21146,8818180a7d2ca9e33f1cceb8b1e697e4e1da506796a5c90d4f4557f048f0f1ab
images\nosotros3-5446e3d96cd3.jpg,http://www.designcar.com.ar/imag/nosotros3.jpg,http://www.designcar.com.ar/nosotros.html,image/jpeg,39682,5446e3d96cd308ad2b0169e33205113caf88c0bffef0bd21b7e6d12f8e06573f
images\novedad-2-cb747b8d796a.jpg,http://www.designcar.com.ar/imag/novedad-2.jpg,http://www.designcar.com.ar/index.html,image/jpeg,76213,cb747b8d796ad82c6aff2d4b4b5c2dc6344697ecb582cdc4da58adf2b171f138
images\novedad-barras-antivuelco-7f43beda6124.jpg,http://www.designcar.com.ar/imag/novedad-barras-antivuelco.jpg,http://www.designcar.com.ar/index.html,image/jpeg,73210,7f43beda612448284a295f847a9675440f094d3512b4dd00092a266bcc1a56b0
images\novedad-lonas-c2fca2c160af.jpg,http://www.designcar.com.ar/imag/novedad-lonas.jpg,http://www.designcar.com.ar/index.html,image/jpeg,72672,c2fca2c160affa4dd115082f1156914b512d07ff112f7749d3b3bfabdd9f40a2
images\oroch-lona-a386834155e7.jpg,http://www.designcar.com.ar/imag/oroch-lona.jpg,http://www.designcar.com.ar/lonas-cobertores-para-camionetas-en-warnes.html,image/jpeg,33044,a386834155e71e5ccf8775fbd35441a1b164316fe3c1b5282d1d763ef8028429
images\parrillas-aluminio-5319a1fbbd5a.jpg,http://www.designcar.com.ar/imag/parrillas-aluminio.jpg,http://www.designcar.com.ar/porta-equipajes-parrillas-valijones.html,image/jpeg,41494,5319a1fbbd5a3726ed3538a90da4fe3c231ae2a67144722bd0681fd0fa58269d
images\parrillas-aluminio2-a68f31907a22.jpg,http://www.designcar.com.ar/imag/parrillas-aluminio2.jpg,http://www.designcar.com.ar/porta-equipajes-parrillas-valijones.html,image/jpeg,43338,a68f31907a22c1a1e5dcdbf4199158c6745a719985855d9110c7702f21358308
images\partner-portaequipaje-53b157a1b636.jpg,http://www.designcar.com.ar/imag/partner-portaequipaje.jpg,http://www.designcar.com.ar/porta-equipajes-parrillas-valijones.html,image/jpeg,35078,53b157a1b636fdfd7321f2f619429b32580d3df9bb1be66bfeddf68dc880d3e1
images\porta-equipajes-54ea26e0a57f.jpg,http://www.designcar.com.ar/imag/porta-equipajes.jpg,http://www.designcar.com.ar/porta-equipajes-parrillas-valijones.html,image/jpeg,46257,54ea26e0a57ff461f845e8d43af525d1b758ddfb63abccd732d13b660ad8cfaf
images\ranger-estribo2-52b9555444f0.jpg,http://www.designcar.com.ar/imag/ranger-estribo2.jpg,http://www.designcar.com.ar/estribos-para-camionetas.html,image/jpeg,36445,52b9555444f06db1a3280d79600ed664a4df281b9eea53696f2bd2fd27168a40
images\ranger-estribo3-c05c885eca0d.jpg,http://www.designcar.com.ar/imag/ranger-estribo3.jpg,http://www.designcar.com.ar/estribos-para-camionetas.html,image/jpeg,28893,c05c885eca0dd8af4961627444a6494d715aa3174d1e9f2ef62662f93b292854
images\ranger-lona-b042eb533e69.jpg,http://www.designcar.com.ar/imag/ranger-lona.jpg,http://www.designcar.com.ar/lonas-cobertores-para-camionetas-en-warnes.html,image/jpeg,32875,b042eb533e6945b7a84b3a1441d2de5b8d416c179805fffcb2793d5af1e53e94
images\toro-deflector-246fd8a801af.jpg,http://www.designcar.com.ar/imag/toro-deflector.jpg,http://www.designcar.com.ar/deflectores-ventanillas-capot.html,image/jpeg,29406,246fd8a801af71c22402e3bde8fd9300f41a31ac9deeaeca77f29eb91507d40c
images\toro-portaequipaje-eed83207c905.jpg,http://www.designcar.com.ar/imag/toro-portaequipaje.jpg,http://www.designcar.com.ar/porta-equipajes-parrillas-valijones.html,image/jpeg,34285,eed83207c9051ab452e9cb2d09bc9ae18691f9094f940b3cc9db578ee4f84162
images\tuercas-ebf33043e99d.jpg,http://www.designcar.com.ar/imag/tuercas.jpg,http://www.designcar.com.ar/accesorios-camionetas.html,image/jpeg,36652,ebf33043e99da11731842de1b9bfd6ecb7cf17c502b0331e8b5d9c80265fd430
images\valija-focus-6b7be0c6b661.jpg,http://www.designcar.com.ar/imag/valija-focus.jpg,http://www.designcar.com.ar/porta-equipajes-parrillas-valijones.html,image/jpeg,37999,6b7be0c6b66116a83da340e44479103eb5ba301fd56c4a49a19690f73726b73b
images\valija-nueva-8aadc3cabc5d.jpg,http://www.designcar.com.ar/imag/valija-nueva.jpg,http://www.designcar.com.ar/porta-equipajes-parrillas-valijones.html,image/jpeg,29795,8aadc3cabc5dac411b38cacf770a64e50c42651232fda315a40a01d99953868a
images\valija-nueva2-46bb4a7bdde5.jpg,http://www.designcar.com.ar/imag/valija-nueva2.jpg,http://www.designcar.com.ar/porta-equipajes-parrillas-valijones.html,image/jpeg,38174,46bb4a7bdde583968b807fe1c78372b2a5b92a9146eb6d716c8761c800b25f3a
images\valija-43987a2bc38f.jpg,http://www.designcar.com.ar/imag/valija.jpg,http://www.designcar.com.ar/porta-equipajes-parrillas-valijones.html,image/jpeg,42533,43987a2bc38ffd5f61cba1e4fd773e1a1bf9a40abd0c7f1652d755f489be878e
images\variedad-b7812e508caa.jpg,http://www.designcar.com.ar/imag/variedad.jpg,http://www.designcar.com.ar/nosotros.html,image/jpeg,40915,b7812e508caa56989fac6a8047bdd365c9ac97d3e30cac37dd00253a5c188181
images\ziel-amarok-2ee6665c9c0b.jpg,http://www.designcar.com.ar/imag/ziel-amarok.jpg,http://www.designcar.com.ar/accesorios-camionetas.html,image/jpeg,24918,2ee6665c9c0b8e0a9b451b226fd65e9d55bc97536b164859c2987301d1d92223
images\ziel-amarok2-0750ce6d2814.jpg,http://www.designcar.com.ar/imag/ziel-amarok2.jpg,http://www.designcar.com.ar/accesorios-camionetas.html,image/jpeg,40652,0750ce6d28140b342702136fa9a51d7fb81fc60f49fcf18baf65dd98a3f9a8ee
images\ziel-hilux-63a54a4c304b.jpg,http://www.designcar.com.ar/imag/ziel-hilux.jpg,http://www.designcar.com.ar/accesorios-camionetas.html,image/jpeg,21362,63a54a4c304b7e1f55770fd9abf9934acb9c08664d7c7efd59063bda097a0d72
images\ziel-np300-473f04e6d15c.jpg,http://www.designcar.com.ar/imag/ziel-np300.jpg,http://www.designcar.com.ar/accesorios-camionetas.html,image/jpeg,22221,473f04e6d15ceaea21ee1ba417a7e1a46b9e3b101e98977559bef78555bd3eb5
images\ziel-ram-4605a9a41949.jpg,http://www.designcar.com.ar/imag/ziel-ram.jpg,http://www.designcar.com.ar/accesorios-camionetas.html,image/jpeg,24244,4605a9a41949e32ca7a099f4d45421a2b524312ffefefe54df0b526b8705fe07
images\ziel-renegade-2451c9fa5821.jpg,http://www.designcar.com.ar/imag/ziel-renegade.jpg,http://www.designcar.com.ar/accesorios-camionetas.html,image/jpeg,38553,2451c9fa5821cc23df3187bcd16aa090b0f9ac02fa5dadf99e791e38d2a40d4f
images\ziel-sw4-a13595958805.jpg,http://www.designcar.com.ar/imag/ziel-sw4.jpg,http://www.designcar.com.ar/accesorios-camionetas.html,image/jpeg,25612,a1359595880539739a8e1fe1e05d22ff4f156def940bee89c1d41a934cf44128
images\fontawesome-webfont-7414288c272f.svg,https://designcar.com.ar/font-awesome/fonts/fontawesome-webfont.svg?v=4.4.0,https://designcar.com.ar/,image/svg+xml,355981,7414288c272f6cc10304aa18e89bf24fb30f40afd644623f425c2c3d71fbe06a
images\glyphicons-halflings-regular-42f60659d265.svg,https://designcar.com.ar/fonts/glyphicons-halflings-regular.svg,https://designcar.com.ar/,image/svg+xml,108738,42f60659d265c1a3c30f9fa42abcbb56bd4a53af4d83d316d6dd7a36903c43e5
images\10grillete3-4-9f2644cd1ef1.jpg,https://designcar.com.ar/imag/10grillete3-4.jpg,https://designcar.com.ar/accesorios-camionetas.html,image/jpeg,23083,9f2644cd1ef1e831a8d6bd7fed379a75eeaf071b52f490b511e14a806af41c46
images\11cadenas-plasticas-2beb3d229525.jpg,https://designcar.com.ar/imag/11cadenas-plasticas.jpg,https://designcar.com.ar/accesorios-camionetas.html,image/jpeg,30129,2beb3d229525a922de88986473548399f9065d1d87dd5f951443415f14e87992
images\11grillete5-8-690093e2c47d.jpg,https://designcar.com.ar/imag/11grillete5-8.jpg,https://designcar.com.ar/accesorios-camionetas.html,image/jpeg,23557,690093e2c47d77084fbcf42e6a595157955d2964ed752d929c7e42c511e306a3
images\12palamontanismo-6467653bb1a6.jpg,https://designcar.com.ar/imag/12palamontanismo.jpg,https://designcar.com.ar/camping.html,image/jpeg,21436,6467653bb1a676d353a69568720a80b9ec73e3f1a4f6b31da3ae56d19aa3c6e9
images\13palanieve-219925fb0234.jpg,https://designcar.com.ar/imag/13palanieve.jpg,https://designcar.com.ar/accesorios-camionetas.html,image/jpeg,18791,219925fb02346ab8d058a6ade8864f3006585f8ce4b7d72111048d4823e0e6c9
images\14palaplegable-f23f6d530b84.jpg,https://designcar.com.ar/imag/14palaplegable.jpg,https://designcar.com.ar/camping.html,image/jpeg,19579,f23f6d530b8420f1031252da68c91a31ea30c830593d8cb23064c559e41cb2c0
images\15palaplegable-ee8a3e63eaf2.jpg,https://designcar.com.ar/imag/15palaplegable.jpg,https://designcar.com.ar/camping.html,image/jpeg,23031,ee8a3e63eaf2fb40cf1509c875d91cf329a15ae5bab8468c47717fe3acca7a86
images\16slinga-a27bfcecfd7b.jpg,https://designcar.com.ar/imag/16slinga.jpg,https://designcar.com.ar/accesorios-camionetas.html,image/jpeg,20615,a27bfcecfd7bbadde2ec45da5106b6e4ea14dababb1e762c461e0f503924269c
images\17slinga2-bd10ad6fcf18.jpg,https://designcar.com.ar/imag/17slinga2.jpg,https://designcar.com.ar/accesorios-camionetas.html,image/jpeg,28178,bd10ad6fcf18f1a572ca7fbd765db57e0cedb11087f1fb1a78f1218c709e2438
images\18tuercas-b548b5fa9d3c.jpg,https://designcar.com.ar/imag/18tuercas.jpg,https://designcar.com.ar/accesorios-camionetas.html,image/jpeg,30166,b548b5fa9d3c0f36e2bb04227a19f31ed81175496bc644414c08d492e3acf4b5
images\19reposera-d6267c4ddcfc.jpg,https://designcar.com.ar/imag/19reposera.jpg,https://designcar.com.ar/camping.html,image/jpeg,20644,d6267c4ddcfc9924aaebe1b55753b8d4fbab4e28fe68ce13ec4a41be3acdd1df
images\1cadenas-37f96b1eea47.jpg,https://designcar.com.ar/imag/1cadenas.jpg,https://designcar.com.ar/accesorios-camionetas.html,image/jpeg,35380,37f96b1eea472729583e6557f90fbc099ab5e595120852a8faef1d231eb1a710
images\20reposera-efd1f796ac6d.jpg,https://designcar.com.ar/imag/20reposera.jpg,https://designcar.com.ar/camping.html,image/jpeg,22723,efd1f796ac6d896ffeca06c9dcecf2d3931846156f55df07a3f1eac7cbe4d52e
images\21reposera-445d63123036.jpg,https://designcar.com.ar/imag/21reposera.jpg,https://designcar.com.ar/camping.html,image/jpeg,21997,445d63123036d8c59fb06186d3e613734a36fc1adb613e789ef168b74bece464
images\22reposera-864716961fc1.jpg,https://designcar.com.ar/imag/22reposera.jpg,https://designcar.com.ar/camping.html,image/jpeg,19737,864716961fc169ae63d7d02285e0db7b2e2bffae8efce13735d96011c31ece33
images\24reposera-b92f9bfea20c.jpg,https://designcar.com.ar/imag/24reposera.jpg,https://designcar.com.ar/camping.html,image/jpeg,22661,b92f9bfea20c972295c8eb1956aa381f9e0d41539d6c42fc4445f9f7b2c3fc87
images\25reposera-eed11093d4f2.jpg,https://designcar.com.ar/imag/25reposera.jpg,https://designcar.com.ar/camping.html,image/jpeg,21776,eed11093d4f26a72ecb0642b941b1307d345df4e60d1390e7a62c395a6373ff0
images\2cadenas-ebe52fe441d0.jpg,https://designcar.com.ar/imag/2cadenas.jpg,https://designcar.com.ar/accesorios-camionetas.html,image/jpeg,44902,ebe52fe441d0905a193b9017e2f2f04b7ef44f07bdf61691fad0622e63e19ced
images\3carpas-04ad3951a08c.jpg,https://designcar.com.ar/imag/3carpas.jpg,https://designcar.com.ar/camping.html,image/jpeg,27434,04ad3951a08c4dc7d33db8fb7bc71665cff2ea3a7aa1483cef8c3a9eda405815
images\4carpas-5b1a931c6888.jpg,https://designcar.com.ar/imag/4carpas.jpg,https://designcar.com.ar/camping.html,image/jpeg,27563,5b1a931c6888bb4d26894e7a7bb1d73b0131365a2945a03c76dbfbc2a8825338
images\5culipatin-45825388dd05.jpg,https://designcar.com.ar/imag/5culipatin.jpg,https://designcar.com.ar/accesorios-camionetas.html,image/jpeg,29805,45825388dd0592aa612d37a88cc6602753f47c39d542cf397cc0b3152a312773
images\6culipatin-plegable-e86750bfa699.jpg,https://designcar.com.ar/imag/6culipatin-plegable.jpg,https://designcar.com.ar/accesorios-camionetas.html,image/jpeg,25977,e86750bfa6998335431fc6867417f4ffa92be183494a80c8f4fc0f12cafe5657
images\7culipatines-e0a510687553.jpg,https://designcar.com.ar/imag/7culipatines.jpg,https://designcar.com.ar/accesorios-camionetas.html,image/jpeg,26713,e0a5106875538cacf467e77e61ec7583b1d91f3379c1ec14983785b22bad7efb
images\8deflector-49a87f522ea8.jpg,https://designcar.com.ar/imag/8deflector.jpg,https://designcar.com.ar/deflectores-ventanillas-capot.html,image/jpeg,29490,49a87f522ea84c7d7440b95c1531ba4bcaa32aed2bd60764eec6843057c0f2ba
images\9deflector-42df0df928fc.jpg,https://designcar.com.ar/imag/9deflector.jpg,https://designcar.com.ar/deflectores-ventanillas-capot.html,image/jpeg,18461,42df0df928fc4c3e863f1e85cc207beb1b71994ea8e7f383e587afeb06e59058
images\accesorios-talampaya-718c168a2438.jpg,https://designcar.com.ar/imag/accesorios-talampaya.jpg,https://designcar.com.ar/accesorios-camionetas.html,image/jpeg,34556,718c168a2438a730c6847655448562d8a3c8df844c5c34763fbd02e7933e5005
images\accesorios-traba-rueda-bracco-d3821d75e860.jpg,https://designcar.com.ar/imag/accesorios-traba-rueda-bracco.jpg,https://designcar.com.ar/accesorios-camionetas.html,image/jpeg,28972,d3821d75e86032efe26ea11862509161dbe3ec3c0a7673a3e0c501a2c11dd6eb
images\accesorios-tuercas-916c1c6594da.jpg,https://designcar.com.ar/imag/accesorios-tuercas.jpg,https://designcar.com.ar/accesorios-camionetas.html,image/jpeg,23834,916c1c6594da6c968382614aa2173ebba6188ad23cd1df4e8b535e85b8b333d7
images\accesorios-239ed76cf220.jpg,https://designcar.com.ar/imag/accesorios.jpg,https://designcar.com.ar/accesorios-camionetas.html,image/jpeg,39600,239ed76cf2206db81b92a3da3606ee05b120736534dfa7687ed76e21a1444011
images\amarok-cobertor-e6931d4a94bd.jpg,https://designcar.com.ar/imag/amarok-cobertor.jpg,https://designcar.com.ar/lonas-cobertores-para-camionetas-en-warnes.html,image/jpeg,23452,e6931d4a94bdc6b38320368d491fd8850cfca04fa77b045b4ef18dd566aa9d6d
images\amarok-cobertor2-7004b516202f.jpg,https://designcar.com.ar/imag/amarok-cobertor2.jpg,https://designcar.com.ar/lonas-cobertores-para-camionetas-en-warnes.html,image/jpeg,44569,7004b516202f4f24611e15f24c14db6c974975ac1b7bff88f2d53c8aa59c96fd
images\amarok-deflector-99a7c1e4edad.jpg,https://designcar.com.ar/imag/amarok-deflector.jpg,https://designcar.com.ar/deflectores-ventanillas-capot.html,image/jpeg,29228,99a7c1e4edadd017eb432b5bc92e31f9ea42fd52e39afffe7211618a57686408
images\amarok-deflector2-af4ef81a31be.jpg,https://designcar.com.ar/imag/amarok-deflector2.jpg,https://designcar.com.ar/deflectores-ventanillas-capot.html,image/jpeg,29103,af4ef81a31be7fcc2a75dc0053b12ddafe69b83f9e29d8a5090dc1981e5a590d
images\amarok-deflector3-f2228b70cc92.jpg,https://designcar.com.ar/imag/amarok-deflector3.jpg,https://designcar.com.ar/deflectores-ventanillas-capot.html,image/jpeg,23950,f2228b70cc921f8df4fcfca01020df1edd709d49641281ebeb97914835fec7b9
images\amarok-estribo2-5f9a4d502d7e.jpg,https://designcar.com.ar/imag/amarok-estribo2.jpg,https://designcar.com.ar/estribos-para-camionetas.html,image/jpeg,29917,5f9a4d502d7e717cd00cff545fbad093e7118643bf985d9c9727e7489f638955
images\banner-barras-153ff52d37ef.jpg,https://designcar.com.ar/imag/banner-barras.jpg,https://designcar.com.ar/ | https://designcar.com.ar/index.html,image/jpeg,417559,153ff52d37ef9c346433ca29ad1f5cfc98e355e9cf915ddcd3fc70e34e32fd2c
images\banner-camping-0f1fee744ce5.jpg,https://designcar.com.ar/imag/banner-camping.jpg,https://designcar.com.ar/ | https://designcar.com.ar/index.html,image/jpeg,228489,0f1fee744ce5a2ff14f341c7552c943adea24bed41d854099621eeadaaf35846
images\banner-lonas-c6d4852d9e4d.jpg,https://designcar.com.ar/imag/banner-lonas.jpg,https://designcar.com.ar/ | https://designcar.com.ar/index.html,image/jpeg,264622,c6d4852d9e4d82a9e5882271d7912a0f72bf2ee8423807581b9d86a9f884ce22
images\banner-parrillas-d65e80dd9bbb.jpg,https://designcar.com.ar/imag/banner-parrillas.jpg,https://designcar.com.ar/ | https://designcar.com.ar/index.html,image/jpeg,557410,d65e80dd9bbb1af8c03ebfa2b5781ad4a24c15fd2955348dc87d5f88538e7c0f
images\banner-tienda-a0c89f8be010.png,https://designcar.com.ar/imag/banner-tienda.png,https://designcar.com.ar/ | https://designcar.com.ar/index.html,image/png,791476,a0c89f8be010855c7647ac74306fe91ecc522049b8d246482e066e89ce8234e0
images\banner-valija-ea4218bb9208.jpg,https://designcar.com.ar/imag/banner-valija.jpg,https://designcar.com.ar/ | https://designcar.com.ar/index.html,image/jpeg,284140,ea4218bb920820e2ab25237bc802342ae38977cb19199d2aaf69d7834f9987e8
images\banner3c-e72e3a2f28d5.jpg,https://designcar.com.ar/imag/banner3c.jpg,https://designcar.com.ar/ | https://designcar.com.ar/index.html,image/jpeg,304494,e72e3a2f28d54c5be4dce628d0c653983a18fe0490a741f416c232a3fcc0cecd
images\barra-amarok-79750335328b.jpg,https://designcar.com.ar/imag/barra-amarok.jpg,https://designcar.com.ar/barras-antivuelco-en-warnes.html,image/jpeg,41104,79750335328b82286b0f2ead45ab1b5bc02806281571e504c0b0a3104ef0c0f1
images\barra-amarok2-330ed1c74db2.jpg,https://designcar.com.ar/imag/barra-amarok2.jpg,https://designcar.com.ar/barras-antivuelco-en-warnes.html,image/jpeg,34618,330ed1c74db2a9dc46ec10f186b1e67fee7bd9c4ccdab41ea0598a921e81ab6a
images\barra-amarok3-436acc09d1de.jpg,https://designcar.com.ar/imag/barra-amarok3.jpg,https://designcar.com.ar/barras-antivuelco-en-warnes.html,image/jpeg,37007,436acc09d1de9922f66bf40395a19583735e29770fec3e0999b7a962cb8a7f1a
images\barra-bracco-ce607efc7015.jpg,https://designcar.com.ar/imag/barra-bracco.jpg,https://designcar.com.ar/porta-equipajes-parrillas-valijones.html,image/jpeg,32386,ce607efc701541256f85f2b48b42a671dbb1493c9eafcfc200ab82cfafd0d2f0
images\barra-bracco1-95586d3b3fa8.jpg,https://designcar.com.ar/imag/barra-bracco1.jpg,https://designcar.com.ar/porta-equipajes-parrillas-valijones.html,image/jpeg,44313,95586d3b3fa8ef442f73b668bc932e9ea5286147f6c7fb13c8096cff6f0cd4a8
images\barra-ranger-fbca02da41f0.jpg,https://designcar.com.ar/imag/barra-ranger.jpg,https://designcar.com.ar/barras-antivuelco-en-warnes.html,image/jpeg,36690,fbca02da41f085e545b4aae21a0554f2794a8e407bf55d3089b1fb5c0072fd83
images\barra-s10-a9ccc5e0cd8a.jpg,https://designcar.com.ar/imag/barra-s10.jpg,https://designcar.com.ar/barras-antivuelco-en-warnes.html,image/jpeg,37066,a9ccc5e0cd8a68995cbbd7453413784de97a63d740a7a516649ddd266e637b8c
images\barra-s102-98f21354583e.jpg,https://designcar.com.ar/imag/barra-s102.jpg,https://designcar.com.ar/barras-antivuelco-en-warnes.html,image/jpeg,40012,98f21354583e317b759ca229098443e39abd6df96a49dd734a3eb89f5f7c5645
images\barra-saveiro-9587fd264485.jpg,https://designcar.com.ar/imag/barra-saveiro.jpg,https://designcar.com.ar/barras-antivuelco-en-warnes.html,image/jpeg,37199,9587fd264485f7258ad19669d651585c439edc87a58f097611fa729e6462e31c
images\barra-toro-670b64622d42.jpg,https://designcar.com.ar/imag/barra-toro.jpg,https://designcar.com.ar/barras-antivuelco-en-warnes.html,image/jpeg,30945,670b64622d42a76db06aa027fe501a1edc58443545c0c2e0f712cbb40c75a4d0
images\barra-toro2-406e0c3add69.jpg,https://designcar.com.ar/imag/barra-toro2.jpg,https://designcar.com.ar/barras-antivuelco-en-warnes.html,image/jpeg,33520,406e0c3add696389b6a6927e2446064e9d1886e11211b9a74310fef4777d0f34
images\barra-toro3-2ee48176506a.jpg,https://designcar.com.ar/imag/barra-toro3.jpg,https://designcar.com.ar/barras-antivuelco-en-warnes.html,image/jpeg,28090,2ee48176506a8f0a9e3dae116eedf44bf7a4c0eb50a9af8e132f844767a3aaa9
images\barras-aluminio-a851bb6563ad.jpg,https://designcar.com.ar/imag/barras-aluminio.jpg,https://designcar.com.ar/porta-equipajes-parrillas-valijones.html,image/jpeg,32588,a851bb6563ad7e75afc23f72aa44d66b49e71e85f377edda45f1d23b1d2da7c7
images\barras-antivuelco-349decf6b7a5.jpg,https://designcar.com.ar/imag/barras-antivuelco.jpg,https://designcar.com.ar/barras-antivuelco-en-warnes.html,image/jpeg,42947,349decf6b7a50a62f9455e556128b4de08066f060862886d838f90fef356bd93
images\barras-d0306f6e66d9.jpg,https://designcar.com.ar/imag/barras.jpg,https://designcar.com.ar/porta-equipajes-parrillas-valijones.html,image/jpeg,22612,d0306f6e66d9467cc5ce819ad437abe5950cdbf342099f0f49b6f1ac77d4d84f
images\berlingo-deflector-dea278d71aa6.jpg,https://designcar.com.ar/imag/berlingo-deflector.jpg,https://designcar.com.ar/deflectores-ventanillas-capot.html,image/jpeg,44488,dea278d71aa6f44904f933ecdaadfd718e82c2e525d8c1a77381e316641951f5
images\bidon-9d46a4449149.jpg,https://designcar.com.ar/imag/bidon.jpg,https://designcar.com.ar/accesorios-camionetas.html,image/jpeg,32358,9d46a4449149adad235b9dd2afeeba9a50c8ef48231ee7d0918ab2de649b9fe8
images\bracco-complemento-negro-02989f835a67.jpg,https://designcar.com.ar/imag/bracco-complemento-negro.jpg,https://designcar.com.ar/accesorios-camionetas.html,image/jpeg,25226,02989f835a67f4cbeb849cffaf826a92ac4447e91be07ca663988608f57bd1aa
images\btnwhatsapp-4310fd81f893.png,https://designcar.com.ar/imag/btnwhatsapp.png,https://designcar.com.ar/ | https://designcar.com.ar/accesorios-camionetas.html | https://designcar.com.ar/barras-antivuelco-en-warnes.html | https://designcar.com.ar/camping.html | https://designcar.com.ar/contacto.html | https://designcar.com.ar/deflectores-ventanillas-capot.html | https://designcar.com.ar/estribos-para-camionetas.html | https://designcar.com.ar/index.html | https://designcar.com.ar/lonas-cobertores-para-camionetas-en-warnes.html | https://designcar.com.ar/nosotros.html | https://designcar.com.ar/porta-equipajes-parrillas-valijones.html,image/png,6510,4310fd81f8938ae7300aa1ecc4d952d312eb342406650acbdc5504a68e86cc8f
images\cadenas-para-nieve-09a3f6db7ce3.jpg,https://designcar.com.ar/imag/cadenas-para-nieve.jpg,https://designcar.com.ar/accesorios-camionetas.html,image/jpeg,40472,09a3f6db7ce35d860207a7e390e088427328e888e7071aa32a5345fb972f21f8
images\camping-e0cdc19dbf28.jpg,https://designcar.com.ar/imag/camping.jpg,https://designcar.com.ar/camping.html,image/jpeg,26893,e0cdc19dbf284aaac743d757c6c10c342a664c3ff40a30bd28aeb08757384be0
images\cobertor-amarok-de4667f59314.jpg,https://designcar.com.ar/imag/cobertor-amarok.jpg,https://designcar.com.ar/lonas-cobertores-para-camionetas-en-warnes.html,image/jpeg,31858,de4667f593144b1099ffc5f854941302b05c4422af32ff6a2f1346981fb05c43
images\cobertor-s10-bcb58885850d.jpg,https://designcar.com.ar/imag/cobertor-s10.jpg,https://designcar.com.ar/lonas-cobertores-para-camionetas-en-warnes.html,image/jpeg,34988,bcb58885850d08f9f7f1f7da5e617ea7bbb292e7ea0c6ca80d253a4f1329ec18
images\cobertores-ranger-57336c2cc3c5.jpg,https://designcar.com.ar/imag/cobertores-ranger.jpg,https://designcar.com.ar/lonas-cobertores-para-camionetas-en-warnes.html,image/jpeg,37410,57336c2cc3c549da40dd6769e1b765713dae4e5f63c7efad35b7862938281767
images\complemento-rojo-0a890b40cf06.jpg,https://designcar.com.ar/imag/complemento-rojo.jpg,https://designcar.com.ar/accesorios-camionetas.html,image/jpeg,39200,0a890b40cf0607bf95ed4f9fdfb4371527c1790428b6731599329e0ca3a07e0a
images\conservadora-780ec0d70e3c.jpg,https://designcar.com.ar/imag/conservadora.jpg,https://designcar.com.ar/camping.html,image/jpeg,25922,780ec0d70e3c830d63ad6ab4e47cb06da5ace6d8641aba77ab8ce950fbc66447
images\conservadora2-fcceb65c412f.jpg,https://designcar.com.ar/imag/conservadora2.jpg,https://designcar.com.ar/camping.html,image/jpeg,30573,fcceb65c412fec4267ca996fadba911f4cf1e21a1609206a5d89b6bcd94eba38
images\deflector-amarok-5614f5c3d99e.jpg,https://designcar.com.ar/imag/deflector-amarok.jpg,https://designcar.com.ar/deflectores-ventanillas-capot.html,image/jpeg,37602,5614f5c3d99e109fe4958ba34d43d15eb8c5b9851d8d052a10545f7cf6bb013a
images\deflector-duster-05168f71755a.jpg,https://designcar.com.ar/imag/deflector-duster.jpg,https://designcar.com.ar/deflectores-ventanillas-capot.html,image/jpeg,17088,05168f71755a60e076c97440b8dfd8b265c0e5057aa3598558877f960afbf184
images\deflector-hilux-e88c05e55077.jpg,https://designcar.com.ar/imag/deflector-hilux.jpg,https://designcar.com.ar/deflectores-ventanillas-capot.html,image/jpeg,29894,e88c05e550775a4b3b3434b6e87d1dc65b8f4a4f42d8e7d956b6d90b5e1c841e
images\deflector-toro-b53ce0a9a4d5.jpg,https://designcar.com.ar/imag/deflector-toro.jpg,https://designcar.com.ar/deflectores-ventanillas-capot.html,image/jpeg,36601,b53ce0a9a4d54ac5fa8379a3c496b9e37387ec77b31d9f95ccb5f06f6480b9b5
images\deflector-a5a79887f101.jpg,https://designcar.com.ar/imag/deflector.jpg,https://designcar.com.ar/deflectores-ventanillas-capot.html,image/jpeg,36787,a5a79887f101ba0f49bb6b5591435dafa7198ce759ae8402a35758dd58f09888
images\empresa-8222cf16fff8.jpg,https://designcar.com.ar/imag/empresa.jpg,https://designcar.com.ar/nosotros.html,image/jpeg,205435,8222cf16fff8d1f4587b5f25e927c677238a7c039b3a1bfc405bbfb9d7b06d24
images\equipaje-sandero-7285b1f60550.jpg,https://designcar.com.ar/imag/equipaje-sandero.jpg,https://designcar.com.ar/porta-equipajes-parrillas-valijones.html,image/jpeg,33172,7285b1f605509c51c571092d8cab8c71e8096041241e9a210cd8cd299fe2fc2c
images\equipaje-vw-up-2007197fe7d4.jpg,https://designcar.com.ar/imag/equipaje-vw-up.jpg,https://designcar.com.ar/porta-equipajes-parrillas-valijones.html,image/jpeg,34941,2007197fe7d48e859e68886921da8d346e71bc52fea82bee89e3d1ff676fcd2f
images\estribo-amarok-d284343b47cb.jpg,https://designcar.com.ar/imag/estribo-amarok.jpg,https://designcar.com.ar/estribos-para-camionetas.html,image/jpeg,30845,d284343b47cb1dff75970a00e2edbcb9ca8e61478818105aec8f7b9a5eabacee
images\estribo-amarok2-f977dcf71715.jpg,https://designcar.com.ar/imag/estribo-amarok2.jpg,https://designcar.com.ar/estribos-para-camionetas.html,image/jpeg,34571,f977dcf71715c0a2c2dcbbf9e8be14ef421ffa4961ace9731e405010e70a587b
images\estribo-duster-761ee9d9b879.jpg,https://designcar.com.ar/imag/estribo-duster.jpg,https://designcar.com.ar/estribos-para-camionetas.html,image/jpeg,33486,761ee9d9b87924e0fc2f0a33453e381775d731a3dc2ec4aed4bceeaa84a38d31
images\estribo-hilux-negro-066186f86e3b.jpg,https://designcar.com.ar/imag/estribo-hilux-negro.jpg,https://designcar.com.ar/estribos-para-camionetas.html,image/jpeg,36220,066186f86e3b47e2034a98e161769bfb7d33e18edd9a558d851550a656e79fa9
images\estribo-hilux-negro2-47860fbe9116.jpg,https://designcar.com.ar/imag/estribo-hilux-negro2.jpg,https://designcar.com.ar/estribos-para-camionetas.html,image/jpeg,29110,47860fbe91169694b5156899f36a02d91cf6602d0cf59ae87f95273b79d29349
images\estribos-camioneta-fba4ad7647d3.jpg,https://designcar.com.ar/imag/estribos-camioneta.jpg,https://designcar.com.ar/estribos-para-camionetas.html,image/jpeg,41224,fba4ad7647d37276180b54d22b0cd78fcb409c2c9a1e32b776a44a62151c0583
images\hilux-barra-antivuelco2-7b305b18b1bc.jpg,https://designcar.com.ar/imag/hilux-barra-antivuelco2.jpg,https://designcar.com.ar/barras-antivuelco-en-warnes.html,image/jpeg,37200,7b305b18b1bc958c84b8fdd24e7e9a961e523599a1b730a6683993b7fc178799
images\hilux-barra-antivuelco4-8fc27b85c5f4.jpg,https://designcar.com.ar/imag/hilux-barra-antivuelco4.jpg,https://designcar.com.ar/barras-antivuelco-en-warnes.html,image/jpeg,28166,8fc27b85c5f4bec60c3a6121d044f806fbc91d71c0633e2f7d7dec4fb45bb4e9
images\hilux-cobertor-f1df65ca13c4.jpg,https://designcar.com.ar/imag/hilux-cobertor.jpg,https://designcar.com.ar/lonas-cobertores-para-camionetas-en-warnes.html,image/jpeg,36851,f1df65ca13c47b52e31103c7483893d38bff3f1a25d1e81cc8c2422355da590f
images\hilux-estribo-aca2fa587c0f.jpg,https://designcar.com.ar/imag/hilux-estribo.jpg,https://designcar.com.ar/estribos-para-camionetas.html,image/jpeg,21975,aca2fa587c0f3cb153c877f9b0d08473123f26aa84bedeebe6a43774b16422d5
images\jaula-hilux-negra-af172dedf8a0.jpg,https://designcar.com.ar/imag/jaula-hilux-negra.jpg,https://designcar.com.ar/barras-antivuelco-en-warnes.html,image/jpeg,39893,af172dedf8a027038103c887ffc57bf3ca02784a8cf75697a80e09ddce5b0dd7
images\jaula-hilux-negra2-925fc98f8056.jpg,https://designcar.com.ar/imag/jaula-hilux-negra2.jpg,https://designcar.com.ar/barras-antivuelco-en-warnes.html,image/jpeg,39751,925fc98f8056a3edba78a636b604a8719dc17ed2c43ebf60ef9056ab9bc24386
images\jaula-ranger-ac05fc2f7b10.jpg,https://designcar.com.ar/imag/jaula-ranger.jpg,https://designcar.com.ar/barras-antivuelco-en-warnes.html,image/jpeg,28807,ac05fc2f7b10fd4ab3fa661b84e4c7d241723ffb220d8705868243813adfe50f
images\logo-facebook-60bf1faef253.png,https://designcar.com.ar/imag/logo-facebook.png,https://designcar.com.ar/ | https://designcar.com.ar/index.html,image/png,64688,60bf1faef25332532a69fb827a99401d204d5d83a1182e06410be7c6542ed92b
images\logo-instagram-633ed07ee6c4.png,https://designcar.com.ar/imag/logo-instagram.png,https://designcar.com.ar/ | https://designcar.com.ar/index.html,image/png,57665,633ed07ee6c42a38db9614c09527182dde4e64da186f07e96a36d736b7607261
images\logo-whatsapp-ff0cb53f493a.png,https://designcar.com.ar/imag/logo-whatsapp.png,https://designcar.com.ar/ | https://designcar.com.ar/index.html,image/png,45126,ff0cb53f493a3a3466d87eb6838fc0be40b047af3c68ddf0f179bb0d1d5bdff3
images\logo2-9ae272df46cc.png,https://designcar.com.ar/imag/logo2.png,https://designcar.com.ar/ | https://designcar.com.ar/accesorios-camionetas.html | https://designcar.com.ar/barras-antivuelco-en-warnes.html | https://designcar.com.ar/camping.html | https://designcar.com.ar/contacto.html | https://designcar.com.ar/deflectores-ventanillas-capot.html | https://designcar.com.ar/estribos-para-camionetas.html | https://designcar.com.ar/index.html | https://designcar.com.ar/lonas-cobertores-para-camionetas-en-warnes.html | https://designcar.com.ar/nosotros.html | https://designcar.com.ar/porta-equipajes-parrillas-valijones.html,image/png,17860,9ae272df46cc3b9dd11e83fe81ed6751f3e50a7646cc1946d76234b8f2bcad04
images\lona-amarok-6aa1859732dd.jpg,https://designcar.com.ar/imag/lona-amarok.jpg,https://designcar.com.ar/lonas-cobertores-para-camionetas-en-warnes.html,image/jpeg,38555,6aa1859732dd299b157e4177273025cc8768d80732793b63ab5c13650421c1de
images\lona-amarok2-bf50cb07efaa.jpg,https://designcar.com.ar/imag/lona-amarok2.jpg,https://designcar.com.ar/lonas-cobertores-para-camionetas-en-warnes.html,image/jpeg,30426,bf50cb07efaa4e14ee29e871343941d7787fd9075d74186f3430f73486f2964d
images\lona-hilux-8e37d5034c0a.jpg,https://designcar.com.ar/imag/lona-hilux.jpg,https://designcar.com.ar/lonas-cobertores-para-camionetas-en-warnes.html,image/jpeg,32959,8e37d5034c0a72c37ad2c6cae33b3542f60bfaa38e04789ff0cad1521276766d
images\lona-ranger-5b6f706d619d.jpg,https://designcar.com.ar/imag/lona-ranger.jpg,https://designcar.com.ar/lonas-cobertores-para-camionetas-en-warnes.html,image/jpeg,33843,5b6f706d619d82e08065f6976e4cab2c030769e87ea8a9857dbc609a4e5c0bc4
images\lona-ranger2-7e464aa6f0dc.jpg,https://designcar.com.ar/imag/lona-ranger2.jpg,https://designcar.com.ar/lonas-cobertores-para-camionetas-en-warnes.html,image/jpeg,26508,7e464aa6f0dcb7bc273e81648ef6d90715bac4d32d8b436acb8625f9791868af
images\lona-s10-2c794917afd4.jpg,https://designcar.com.ar/imag/lona-s10.jpg,https://designcar.com.ar/lonas-cobertores-para-camionetas-en-warnes.html,image/jpeg,30155,2c794917afd412d8c102c3a9024020c2f4ead5052c75eb8f0a97372358203579
images\lona-triton-5bf32369f93f.jpg,https://designcar.com.ar/imag/lona-triton.jpg,https://designcar.com.ar/lonas-cobertores-para-camionetas-en-warnes.html,image/jpeg,37724,5bf32369f93f76ddca82fa415c749a3e8ff4b880760171b54f501a989df0a253
images\lonas-cobertores-d33652453e46.jpg,https://designcar.com.ar/imag/lonas-cobertores.jpg,https://designcar.com.ar/lonas-cobertores-para-camionetas-en-warnes.html,image/jpeg,50236,d33652453e46fb1e04d8789ca2b48690d0a48b7ce219579f308f3836b44190cb
images\mercado-bdcaf76ee152.jpg,https://designcar.com.ar/imag/mercado.jpg,https://designcar.com.ar/ | https://designcar.com.ar/index.html,image/jpeg,295865,bdcaf76ee15215d8cb52c9000231fd7e6db1891958cf99a21224b2b6f0aaec29
images\newduster-portaequipaje-b841da2ed2ce.jpg,https://designcar.com.ar/imag/newduster-portaequipaje.jpg,https://designcar.com.ar/porta-equipajes-parrillas-valijones.html,image/jpeg,38931,b841da2ed2cef4fab5c1f57452210a00eca1952a8036f36832675cb0e54b37ee
images\nosotros1-c77e8c6be06f.jpg,https://designcar.com.ar/imag/nosotros1.jpg,https://designcar.com.ar/nosotros.html,image/jpeg,37055,c77e8c6be06fdcbde534c8d68f5fd308a367a3ae8dcd261fef12331590d8e7b3
images\nosotros2-8818180a7d2c.jpg,https://designcar.com.ar/imag/nosotros2.jpg,https://designcar.com.ar/nosotros.html,image/jpeg,21146,8818180a7d2ca9e33f1cceb8b1e697e4e1da506796a5c90d4f4557f048f0f1ab
images\nosotros3-5446e3d96cd3.jpg,https://designcar.com.ar/imag/nosotros3.jpg,https://designcar.com.ar/nosotros.html,image/jpeg,39682,5446e3d96cd308ad2b0169e33205113caf88c0bffef0bd21b7e6d12f8e06573f
images\novedad-2-cb747b8d796a.jpg,https://designcar.com.ar/imag/novedad-2.jpg,https://designcar.com.ar/ | https://designcar.com.ar/index.html,image/jpeg,76213,cb747b8d796ad82c6aff2d4b4b5c2dc6344697ecb582cdc4da58adf2b171f138
images\novedad-barras-antivuelco-7f43beda6124.jpg,https://designcar.com.ar/imag/novedad-barras-antivuelco.jpg,https://designcar.com.ar/ | https://designcar.com.ar/index.html,image/jpeg,73210,7f43beda612448284a295f847a9675440f094d3512b4dd00092a266bcc1a56b0
images\novedad-lonas-c2fca2c160af.jpg,https://designcar.com.ar/imag/novedad-lonas.jpg,https://designcar.com.ar/ | https://designcar.com.ar/index.html,image/jpeg,72672,c2fca2c160affa4dd115082f1156914b512d07ff112f7749d3b3bfabdd9f40a2
images\oroch-lona-a386834155e7.jpg,https://designcar.com.ar/imag/oroch-lona.jpg,https://designcar.com.ar/lonas-cobertores-para-camionetas-en-warnes.html,image/jpeg,33044,a386834155e71e5ccf8775fbd35441a1b164316fe3c1b5282d1d763ef8028429
images\parrillas-aluminio-5319a1fbbd5a.jpg,https://designcar.com.ar/imag/parrillas-aluminio.jpg,https://designcar.com.ar/porta-equipajes-parrillas-valijones.html,image/jpeg,41494,5319a1fbbd5a3726ed3538a90da4fe3c231ae2a67144722bd0681fd0fa58269d
images\parrillas-aluminio2-a68f31907a22.jpg,https://designcar.com.ar/imag/parrillas-aluminio2.jpg,https://designcar.com.ar/porta-equipajes-parrillas-valijones.html,image/jpeg,43338,a68f31907a22c1a1e5dcdbf4199158c6745a719985855d9110c7702f21358308
images\partner-portaequipaje-53b157a1b636.jpg,https://designcar.com.ar/imag/partner-portaequipaje.jpg,https://designcar.com.ar/porta-equipajes-parrillas-valijones.html,image/jpeg,35078,53b157a1b636fdfd7321f2f619429b32580d3df9bb1be66bfeddf68dc880d3e1
images\porta-equipajes-54ea26e0a57f.jpg,https://designcar.com.ar/imag/porta-equipajes.jpg,https://designcar.com.ar/porta-equipajes-parrillas-valijones.html,image/jpeg,46257,54ea26e0a57ff461f845e8d43af525d1b758ddfb63abccd732d13b660ad8cfaf
images\ranger-estribo2-52b9555444f0.jpg,https://designcar.com.ar/imag/ranger-estribo2.jpg,https://designcar.com.ar/estribos-para-camionetas.html,image/jpeg,36445,52b9555444f06db1a3280d79600ed664a4df281b9eea53696f2bd2fd27168a40
images\ranger-estribo3-c05c885eca0d.jpg,https://designcar.com.ar/imag/ranger-estribo3.jpg,https://designcar.com.ar/estribos-para-camionetas.html,image/jpeg,28893,c05c885eca0dd8af4961627444a6494d715aa3174d1e9f2ef62662f93b292854
images\ranger-lona-b042eb533e69.jpg,https://designcar.com.ar/imag/ranger-lona.jpg,https://designcar.com.ar/lonas-cobertores-para-camionetas-en-warnes.html,image/jpeg,32875,b042eb533e6945b7a84b3a1441d2de5b8d416c179805fffcb2793d5af1e53e94
images\reposera-e015a8cfddda.jpg,https://designcar.com.ar/imag/reposera.jpg,https://designcar.com.ar/camping.html,image/jpeg,20681,e015a8cfdddafccaaa6fa3e9c889c4c115a3b937c4d94317bec4e5fbb5e8b270
images\reposera3-daed1fd56b4e.jpg,https://designcar.com.ar/imag/reposera3.jpg,https://designcar.com.ar/camping.html,image/jpeg,19918,daed1fd56b4e3f1e0d06e9872997ce9d4c2c83c14f979039dd6a8155f7190140
images\reposera4-6721eda72eea.jpg,https://designcar.com.ar/imag/reposera4.jpg,https://designcar.com.ar/camping.html,image/jpeg,20537,6721eda72eea81978da17c2904215453327c2fc644e6b375fb8f13007c0207ba
images\toro-deflector-246fd8a801af.jpg,https://designcar.com.ar/imag/toro-deflector.jpg,https://designcar.com.ar/deflectores-ventanillas-capot.html,image/jpeg,29406,246fd8a801af71c22402e3bde8fd9300f41a31ac9deeaeca77f29eb91507d40c
images\toro-portaequipaje-eed83207c905.jpg,https://designcar.com.ar/imag/toro-portaequipaje.jpg,https://designcar.com.ar/porta-equipajes-parrillas-valijones.html,image/jpeg,34285,eed83207c9051ab452e9cb2d09bc9ae18691f9094f940b3cc9db578ee4f84162
images\tuercas-ebf33043e99d.jpg,https://designcar.com.ar/imag/tuercas.jpg,https://designcar.com.ar/accesorios-camionetas.html,image/jpeg,36652,ebf33043e99da11731842de1b9bfd6ecb7cf17c502b0331e8b5d9c80265fd430
images\valija-focus-6b7be0c6b661.jpg,https://designcar.com.ar/imag/valija-focus.jpg,https://designcar.com.ar/porta-equipajes-parrillas-valijones.html,image/jpeg,37999,6b7be0c6b66116a83da340e44479103eb5ba301fd56c4a49a19690f73726b73b
images\valija-nueva-8aadc3cabc5d.jpg,https://designcar.com.ar/imag/valija-nueva.jpg,https://designcar.com.ar/porta-equipajes-parrillas-valijones.html,image/jpeg,29795,8aadc3cabc5dac411b38cacf770a64e50c42651232fda315a40a01d99953868a
images\valija-nueva2-46bb4a7bdde5.jpg,https://designcar.com.ar/imag/valija-nueva2.jpg,https://designcar.com.ar/porta-equipajes-parrillas-valijones.html,image/jpeg,38174,46bb4a7bdde583968b807fe1c78372b2a5b92a9146eb6d716c8761c800b25f3a
images\valija-43987a2bc38f.jpg,https://designcar.com.ar/imag/valija.jpg,https://designcar.com.ar/porta-equipajes-parrillas-valijones.html,image/jpeg,42533,43987a2bc38ffd5f61cba1e4fd773e1a1bf9a40abd0c7f1652d755f489be878e
images\variedad-b7812e508caa.jpg,https://designcar.com.ar/imag/variedad.jpg,https://designcar.com.ar/nosotros.html,image/jpeg,40915,b7812e508caa56989fac6a8047bdd365c9ac97d3e30cac37dd00253a5c188181
images\ziel-amarok-2ee6665c9c0b.jpg,https://designcar.com.ar/imag/ziel-amarok.jpg,https://designcar.com.ar/accesorios-camionetas.html,image/jpeg,24918,2ee6665c9c0b8e0a9b451b226fd65e9d55bc97536b164859c2987301d1d92223
images\ziel-amarok2-0750ce6d2814.jpg,https://designcar.com.ar/imag/ziel-amarok2.jpg,https://designcar.com.ar/accesorios-camionetas.html,image/jpeg,40652,0750ce6d28140b342702136fa9a51d7fb81fc60f49fcf18baf65dd98a3f9a8ee
images\ziel-hilux-63a54a4c304b.jpg,https://designcar.com.ar/imag/ziel-hilux.jpg,https://designcar.com.ar/accesorios-camionetas.html,image/jpeg,21362,63a54a4c304b7e1f55770fd9abf9934acb9c08664d7c7efd59063bda097a0d72
images\ziel-np300-473f04e6d15c.jpg,https://designcar.com.ar/imag/ziel-np300.jpg,https://designcar.com.ar/accesorios-camionetas.html,image/jpeg,22221,473f04e6d15ceaea21ee1ba417a7e1a46b9e3b101e98977559bef78555bd3eb5
images\ziel-ram-4605a9a41949.jpg,https://designcar.com.ar/imag/ziel-ram.jpg,https://designcar.com.ar/accesorios-camionetas.html,image/jpeg,24244,4605a9a41949e32ca7a099f4d45421a2b524312ffefefe54df0b526b8705fe07
images\ziel-renegade-2451c9fa5821.jpg,https://designcar.com.ar/imag/ziel-renegade.jpg,https://designcar.com.ar/accesorios-camionetas.html,image/jpeg,38553,2451c9fa5821cc23df3187bcd16aa090b0f9ac02fa5dadf99e791e38d2a40d4f
images\ziel-sw4-a13595958805.jpg,https://designcar.com.ar/imag/ziel-sw4.jpg,https://designcar.com.ar/accesorios-camionetas.html,image/jpeg,25612,a1359595880539739a8e1fe1e05d22ff4f156def940bee89c1d41a934cf44128
